{
    "dependencies_provided": [
        {
            "name": "world",
            "type": "world"
        },
        {
            "name": "entity",
            "type": "entity"
        },
        {
            "name": "x",
            "type": "number"
        },
        {
            "name": "y",
            "type": "number"
        },
        {
            "name": "z",
            "type": "number"
        }
    ],
    "cancelable": "false",
    "has_result": "false",
    "side": "server"
}