{
    "args0": [
        {
            "type": "input_value",
            "name": "entity",
            "check": "Entity"
        }
    ],
    "inputsInline": true,
    "output": "Number",
    "colour": "#6b03fc",
    "tooltip": "Get tetralog level of player",
    "helpUrl": "",
    "mcreator": {
        "toolbox_id": "tetra_libs_logs",
        "toolbox_init": [
            "<value name=\"entity\"><block type=\"entity_from_deps\"></block></value>"
        ],
        "inputs": [
            "entity"
        ],
        "dependencies": [
        ]
    }
}