{
  "args0": [
    {
      "type": "input_dummy"
    },
    {
      "type": "input_value",
      "name": "item",
      "check": "MCItem"
    },
    {
      "type": "input_dummy"
    },
    {
      "type": "input_value",
      "name": "verif",
      "check": "Boolean"
    }
  ],
  "inputsInline": true,
  "previousStatement": null,
  "nextStatement": null,
  "colour": 255,
  "tooltip": "Apply random enchentment to item",
  "helpUrl": "",
  "mcreator": {
    "toolbox_id": "tetra_libs_actions",
    "toolbox_init": [
      "<value name=\"item\"><block type=\"mcitem_all\"><field name=\"value\"></field></block></value>",
      "<value name=\"verif\"><block type=\"logic_boolean\"><field name=\"BOOL\">TRUE</field></block></value>"
    ],
    "inputs": [
      "item",
      "verif"
    ]
  }
}