{
    "args0": [
      {
        "type": "input_dummy"
      }
    ],
    "inputsInline": true,
    "output": "Number",
    "colour": "#c930a0",
    "tooltip": "Get tooltip line count",
    "helpUrl": "https://bck-inc.fr/minecraft/tetralibs/mcreator",
    "mcreator": {
      "toolbox_id": "tetra_libs_utils",
      "toolbox_init": [
      ],
      "inputs": [
      ],
      "dependencies": [
        {
          "name": "itemtooltip",
          "type": "itemtooltip"
        }
      ]
    }
  }