{
    "args0": [
      {
        "type": "field_dropdown",
        "name": "key",
        "options": [
          [
            "Shift",
            "Shift"
          ],
          [
            "Alt",
            "Alt"
          ],
          [
            "Control",
            "Control"
          ]
        ]
      }
    ],
    "inputsInline": true,
    "output": "Boolean",
    "colour": "#c930a0",
    "helpUrl": "https://bck-inc.fr/minecraft/tetralibs/mcreator",
    "mcreator": {
      "toolbox_id": "tetra_libs_utils",
      "fields": [
        "key"
      ]
    }
  }
  