{
    "args0": [
      {
        "type": "field_dropdown",
        "name": "key",
        "options": [
          ["space", "32"],
          ["'", "39"],
          [",", "44"],
          ["-", "45"],
          [".", "46"],
          ["/", "47"],
          ["0", "48"],
          ["1", "49"],
          ["2", "50"],
          ["3", "51"],
          ["4", "52"],
          ["5", "53"],
          ["6", "54"],
          ["7", "55"],
          ["8", "56"],
          ["9", "57"],
          [";", "59"],
          ["=", "61"],
          ["a", "65"],
          ["b", "66"],
          ["c", "67"],
          ["d", "68"],
          ["e", "69"],
          ["f", "70"],
          ["g", "71"],
          ["h", "72"],
          ["i", "73"],
          ["j", "74"],
          ["k", "75"],
          ["l", "76"],
          ["m", "77"],
          ["n", "78"],
          ["o", "79"],
          ["p", "80"],
          ["q", "81"],
          ["r", "82"],
          ["s", "83"],
          ["t", "84"],
          ["u", "85"],
          ["v", "86"],
          ["w", "87"],
          ["x", "88"],
          ["y", "89"],
          ["z", "90"],
          ["[", "91"],
          ["\\", "92"],
          ["]", "93"],
          ["`", "96"],
          ["escape", "256"],
          ["enter", "257"],
          ["tab", "258"],
          ["backspace", "259"],
          ["insert", "260"],
          ["delete", "261"],
          ["right", "262"],
          ["left", "263"],
          ["down", "264"],
          ["up", "265"],
          ["page_up", "266"],
          ["page_down", "267"],
          ["home", "268"],
          ["end", "269"],
          ["caps_lock", "280"],
          ["scroll_lock", "281"],
          ["num_lock", "282"],
          ["print_screen", "283"],
          ["pause", "284"],
          ["F1", "290"],
          ["F2", "291"],
          ["F3", "292"],
          ["F4", "293"],
          ["F5", "294"],
          ["F6", "295"],
          ["F7", "296"],
          ["F8", "297"],
          ["F9", "298"],
          ["F10", "299"],
          ["F11", "300"],
          ["F12", "301"],
          ["F13", "302"],
          ["F14", "303"],
          ["F15", "304"],
          ["F16", "305"],
          ["F17", "306"],
          ["F18", "307"],
          ["F19", "308"],
          ["F20", "309"],
          ["F21", "310"],
          ["F22", "311"],
          ["F23", "312"],
          ["F24", "313"],
          ["F25", "314"],
          ["KP_O", "320"],
          ["KP_1", "321"],
          ["KP_2", "322"],
          ["KP_3", "323"],
          ["KP_4", "324"],
          ["KP_5", "325"],
          ["KP_6", "326"],
          ["KP_7", "327"],
          ["KP_8", "328"],
          ["KP_9", "329"],
          ["KP_decimal", "330"],
          ["KP_divide", "331"],
          ["KP_multiply", "332"],
          ["KP_subtract", "333"],
          ["KP_add", "334"],
          ["KP_enter", "335"],
          ["KP_equal", "336"],
          ["left_shift", "340"],
          ["left_control", "341"],
          ["left_alt", "342"],
          ["left_super", "343"],
          ["right_shift", "344"],
          ["right_control", "345"],
          ["right_alt", "346"],
          ["right_super", "347"]
        ]
      }
    ],
    "inputsInline": true,
    "output": "Boolean",
    "colour": "#c930a0",
    "helpUrl": "https://bck-inc.fr/minecraft/tetralibs/mcreator",
    "mcreator": {
      "toolbox_id": "tetra_libs_utils",
      "fields": [
        "key"
      ],
      "dependencies": [
        {
          "name": "key",
          "type": "key"
        }
      ]
    }
  }
  