{
    "args0": [
      {
        "type": "input_value",
        "name": "motd",
        "check": "String"
      },
      {
        "type": "input_value",
        "name": "callback",
        "check": "Boolean"
      }
    ],
    "inputsInline": true,
    "previousStatement": null,
    "nextStatement": null,
    "colour": 30,
    "tooltip": "Set server motd",
    "helpUrl": "https://bck-inc.fr/minecraft/tetralibs/mcreator",
    "mcreator": {
      "toolbox_id": "tetra_libs_actions",
      "toolbox_init": [
        "<value name=\"motd\"><block type=\"text\"><field name=\"TEXT\">Minecraft Server</field></block></value>",
        "<value name=\"callback\"><block type=\"logic_boolean\"><field name=\"BOOL\">FALSE</field></block></value>"
      ],
      "fields" : [
      ],
      "inputs": [
        "motd",
        "callback"
      ],
      "dependencies": [
      ]
    }
  }