{
    "args0": [
      {
        "type": "input_value",
        "name": "tooltip",
        "check": "String"
      },
      {
        "type": "input_value",
        "name": "position",
        "check": "Number"
      }
    ],
    "inputsInline": true,
    "previousStatement": null,
    "nextStatement": null,
    "helpUrl": "https://bck-inc.fr/minecraft/tetralibs/mcreator",
    "colour": "#ff5cd3",
    "mcreator": {
      "toolbox_id": "tetra_libs_actions",
      "toolbox_init": [
        "<value name=\"tooltip\"><block type=\"text\"><field name=\"TEXT\">tooltip</field></block></value>",
        "<value name=\"position\"><block type=\"math_number\"><field name=\"NUM\">1</field></block></value>"
      ],
      "dependencies": [
        {
          "name": "itemtooltip",
          "type": "itemtooltip"
        }
      ],
      "inputs": [
        "tooltip",
        "position"
      ]
    }
  }