{
  "args0": [
    {
      "type": "input_dummy",
      "name": "var"
    },
    {
      "type": "input_value",
      "name": "ent",
      "check": "Entity"
    }
  ],
  "extensions": [
    "help_page_variables"
  ],
  "mutator": "variable_entity_input",
  "inputsInline": true,
  "previousStatement": null,
  "nextStatement": null,
  "colour": "#2ade63",
  "tooltip": "Add navigation bar line",
  "helpUrl": "https://bck-inc.fr/minecraft/tetralibs/mcreator",
  "mcreator": {
    "toolbox_id": "tetra_libs_help_pages",
    "toolbox_init": [
      "<value name=\"ent\"><block type=\"entity_from_deps\"></block></value>"
    ],
    "inputs": [
      "ent"
    ],
    "fields": [
      "VAR"
    ]
  }
}