{
    "args0": [
      {
        "type": "input_value",
        "name": "name",
        "check": "String"
      },
      {
        "type": "input_value",
        "name": "entity",
        "check": "Entity"
      }
    ],
    "inputsInline": true,
    "previousStatement": null,
    "nextStatement": null,
    "colour": "#B296E5",
    "tooltip": "Del the home from a player",
    "helpUrl": "https://bck-inc.fr/minecraft/tetralibs/mcreator",
    "mcreator": {
      "toolbox_id": "tetra_libs_homes",
      "toolbox_init": [
        "<value name=\"name\"><block type=\"text\"><field name=\"TEXT\"></field></block></value>",
        "<value name=\"entity\"><block type=\"entity_from_deps\"></block></value>"
      ],
      "inputs": [
        "name",
        "entity"
      ],
      "dependencies": [
      ]
    }
  }