{
    "args0": [
        {
            "type": "input_value",
            "name": "entity",
            "check": "Entity"
        }
    ],
    "inputsInline": true,
    "output": "String",
    "colour": "#79c460",
    "tooltip": "Get entity dimension",
    "helpUrl": "https://bck-inc.fr/minecraft/tetralibs/mcreator",
    "mcreator": {
        "toolbox_id": "tetra_libs_utils",
        "toolbox_init": [
            "<value name=\"entity\"><block type=\"entity_from_deps\"></block></value>"
        ],
        "inputs": [
            "entity"
        ],
        "dependencies": [
        ]
    }
}