{
  "args0": [
    {
      "type": "input_dummy"
    },
    {
      "type": "input_value",
      "name": "team_name",
      "check": "String"
    },
    {
      "type": "input_dummy"
    },
    {
      "type": "input_value",
      "name": "lowercase",
      "check": "Boolean"
    }
  ],
  "inputsInline": true,
  "output": "String",
  "colour": 160,
  "tooltip": "Get team deathMessageVisibility",
  "helpUrl": "https://bck-inc.fr/minecraft/tetralibs/mcreator",
  "mcreator": {
    "toolbox_id": "tetra_libs_utils",
    "toolbox_init": [
        "<value name=\"team_name\"><block type=\"text\"><field name=\"TEXT\">team name</field></block></value>",
        "<value name=\"lowercase\"><block type=\"logic_boolean\"><field name=\"BOOL\">FALSE</field></block></value>"
      ],
      "inputs": [
        "team_name",
        "lowercase"
      ],
      "dependencies": [
        {
          "name": "world",
          "type": "world"
        }
      ]
  }
  
}