{
  "args0": [
    {
      "type": "input_dummy"
    },
    {
      "type": "input_value",
      "name": "entity",
      "check": "Entity"
    },
    {
      "type": "input_dummy"
    },
    {
      "type": "input_value",
      "name": "duration",
      "check": "Number"
    },
    {
      "type": "input_dummy"
    },
    {
      "type": "input_value",
      "name": "blacklist",
      "check": "Boolean"
    }
  ],
  "inputsInline": true,
  "previousStatement": null,
  "nextStatement": null,
  "helpUrl": "https://bck-inc.fr/minecraft/tetralibs/mcreator",
  "colour": "255",
  "tooltip": "Give random effect to entity",
  "mcreator": {
    "toolbox_id": "tetra_libs_actions",
    "toolbox_init": [
      "<value name=\"entity\"><block type=\"entity_from_deps\"></block></value>",
      "<value name=\"duration\"><block type=\"math_number\"><field name=\"NUM\">60</field></block></value>",
      "<value name=\"blacklist\"><block type=\"logic_boolean\"><field name=\"BOOL\">FALSE</field></block></value>"
    ],
    "inputs": [
      "entity",
      "duration",
      "blacklist"
    ]
  }
}