{
  "args0": [
    {
      "type": "input_dummy"
    },
    {
      "type": "input_value",
      "name": "message",
      "check": "String"
    },
    {
      "type": "input_dummy"
    },
    {
      "type": "input_value",
      "name": "inline",
      "check": "Boolean"
    },
    {
      "type": "input_dummy"
    },
    {
      "type": "input_value",
      "name": "path",
      "check": "String"
    },
    {
      "type": "input_dummy"
    },
    {
      "type": "input_value",
      "name": "file_name",
      "check": "String"
    }
  ],
  "inputsInline": true,
  "previousStatement": null,
  "nextStatement": null,
  "colour": 330,
  "tooltip": "Write message into file",
  "helpUrl": "https://bck-inc.fr/minecraft/tetralibs/mcreator",
  "mcreator": {
    "toolbox_id": "tetra_libs_logs",
    "toolbox_init": [
      "<value name=\"message\"><block type=\"text\"><field name=\"TEXT\">message</field></block></value>",
      "<value name=\"inline\"><block type=\"logic_boolean\"><field name=\"BOOL\">TRUE</field></block></value>",
      "<value name=\"path\"><block type=\"text\"><field name=\"TEXT\">file_path</field></block></value>",
      "<value name=\"file_name\"><block type=\"text\"><field name=\"TEXT\">file_name.extension</field></block></value>"
    ],
    "inputs": [
      "message",
      "inline",
      "path",
      "file_name"
    ]
  }
}