{
    "args0": [
        {
            "type": "input_value",
            "name": "value",
            "check": "String"
        },
        {
            "type": "input_value",
            "name": "index",
            "check": "Number"
        },
        {
            "type": "input_dummy",
            "name": "string_list_var"
        },
        {
            "type": "field_image",
            "src": "https://i.ibb.co/645dcd0/tetra-libs-no-api-64.png",
            "width": 32,
            "height": 32,
            "alt": "no_api",
            "flipRtl": "TRUE"
        }
    ],
    "extensions": [
        "custom_string_list_variables"
    ],
    "inputsInline": true,
    "previousStatement": null,
    "nextStatement": null,
    "colour": "#542fa3",
    "tooltip": "Add element to a List<String> with index",
    "helpUrl": "https://bck-inc.fr/minecraft/tetralibs/mcreator",
    "mcreator": {
        "toolbox_id": "tetra_libs_others",
        "toolbox_init": [
            "<value name=\"value\"><block type=\"text\"><field name=\"TEXT\"></field></block></value>",
            "<value name=\"index\"><block type=\"math_number\"><field name=\"NUM\">0</field></block></value>"
        ],
        "inputs": [
            "value",
            "index"
        ],
        "fields": [
            "STRING_LIST_VAR"
        ]
    }
}