{
    "args0": [
        {
            "type": "input_value",
            "name": "permission",
            "check": "String"
        },
        {
            "type": "input_value",
            "name": "id",
            "check": "String"
        },
        {
            "type": "input_value",
            "name": "callback",
            "check": "Boolean"
        },
        {
          "type": "field_image",
          "src": "https://i.ibb.co/1JYrBYW/tetra-libs-api-required-64.png",
          "width": 32,
          "height": 32,
          "alt": "api_required",
          "flipRtl": "TRUE"
        }
    ],
    "inputsInline": true,
    "previousStatement": null,
    "nextStatement": null,
    "colour": "#303030",
    "tooltip": "Add default permission",
    "helpUrl": "https://bck-inc.fr/minecraft/tetralibs/mcreator",
    "mcreator": {
        "toolbox_id": "tetra_libs_permissions",
        "toolbox_init": [
            "<value name=\"permission\"><block type=\"text\"><field name=\"TEXT\">void</field></block></value>",
            "<value name=\"id\"><block type=\"text\"><field name=\"TEXT\">custom</field></block></value>",
            "<value name=\"callback\"><block type=\"logic_boolean\"><field name=\"BOOL\">FALSE</field></block></value>"
        ],
        "inputs": [
            "permission",
            "id",
            "callback"
        ],
        "fields": []
    }
}