{
  "args0": [
    {
      "type": "input_value",
      "name": "number",
      "check": "Number"
    },
    {
      "type": "field_image",
      "src": "https://i.ibb.co/645dcd0/tetra-libs-no-api-64.png",
      "width": 32,
      "height": 32,
      "alt": "no_api",
      "flipRtl": "TRUE"
    }
  ],
  "inputsInline": true,
  "colour": "#3A4CA6",
  "output": "int",
  "tooltip": "Convert number as integer (variable int)",
  "helpUrl": "https://bck-inc.fr/minecraft/tetralibs/mcreator",
  "mcreator": {
    "toolbox_id": "tetra_libs_utils",
    "toolbox_init": [
      "<value name=\"number\"><block type=\"math_number\"><field name=\"NUM\">0</field></block></value>"
    ],
    "inputs": [
      "number"
    ],
    "fields": [],
    "dependencies": []
  }
}