{
    "args0": [
        {
            "type": "input_value",
            "name": "id",
            "check": "String"
        },
        {
            "type": "field_image",
            "src": "https://i.ibb.co/1JYrBYW/tetra-libs-api-required-64.png",
            "width": 32,
            "height": 32,
            "alt": "api_required",
            "flipRtl": "TRUE"
        }
    ],
    "inputsInline": true,
    "previousStatement": null,
    "nextStatement": null,
    "colour": "#F44336",
    "tooltip": "Remove recipe (bck)",
    "helpUrl": "https://bck-inc.fr/minecraft/tetralibs/mcreator",
    "mcreator": {
        "toolbox_id": "tetra_libs_recipes",
        "toolbox_init": [
            "<value name=\"id\"><block type=\"text\"><field name=\"TEXT\">recipe_name</field></block></value>"
        ],
        "inputs": [
            "id"
        ],
        "fields": [],
        "required_apis": [
            
        ]
    }
}