{
    "args0": [
        {
            "type": "input_dummy",
            "name": "bck_recipe_var"
        },
        {
            "type": "field_image",
            "src": "https://i.ibb.co/1JYrBYW/tetra-libs-api-required-64.png",
            "width": 32,
            "height": 32,
            "alt": "api_required",
            "flipRtl": "TRUE"
        }
    ],
    "extensions": [
        "custom_bck_recipe_variables"
    ],
    "inputsInline": true,
    "output": "String",
    "colour": "#03A9F4",
    "tooltip": "Get id of recipe (bck)",
    "helpUrl": "https://bck-inc.fr/minecraft/tetralibs/mcreator",
    "mcreator": {
        "toolbox_id": "tetra_libs_recipes",
        "toolbox_init": [],
        "inputs": [
        ],
        "fields": [
            "BCK_RECIPE_VAR"
        ],
        "required_apis": []
    }
}