{
  "args0": [
    {
      "type": "input_value",
      "name": "item",
      "check": "MCItem"
    },
    {
      "type": "field_image",
      "src": "https://i.ibb.co/645dcd0/tetra-libs-no-api-64.png",
      "width": 32,
      "height": 32,
      "alt": "no_api",
      "flipRtl": "TRUE"
    }
  ],
  "inputsInline": true,
  "output": "Number",
  "colour": "#db0b0b",
  "tooltip": "Get the item harvest tier",
  "helpUrl": "https://bck-inc.fr/minecraft/tetralibs/mcreator",
  "mcreator": {
    "toolbox_id": "tetra_libs_utils",
    "toolbox_init": [
      "<value name=\"item\"><block type=\"itemstack_to_mcitem\"><field name=\"value\"></field></block></value>"
    ],
    "inputs": [
      "item"
    ],
    "fields": [
    ]
  }
}