{
    "args0": [
        {
            "type": "input_dummy",
            "name": "string_array_var"
        },
        {
            "type": "field_image",
            "src": "https://i.ibb.co/645dcd0/tetra-libs-no-api-64.png",
            "width": 32,
            "height": 32,
            "alt": "no_api",
            "flipRtl": "TRUE"
        }
    ],
    "extensions": [
        "custom_string_array_variables"
    ],
    "inputsInline": true,
    "output": "Number",
    "colour": "#6c5ca1",
    "tooltip": "Get length of a String[]",
    "helpUrl": "https://bck-inc.fr/minecraft/tetralibs/mcreator",
    "mcreator": {
        "toolbox_id": "tetra_libs_others",
        "toolbox_init": [],
        "inputs": [],
        "fields": [
            "STRING_ARRAY_VAR"
        ]
    }
}