{
  "args0": [
    {
      "type": "input_value",
      "name": "uuid",
      "check": "String"
    },
    {
      "type": "field_image",
      "src": "https://i.ibb.co/645dcd0/tetra-libs-no-api-64.png",
      "width": 32,
      "height": 32,
      "alt": "no_api",
      "flipRtl": "TRUE"
    }
  ],
  "inputsInline": true,
  "output": "Entity",
  "colour": "#71abf0",
  "tooltip": "Get entity from uuid",
  "helpUrl": "https://bck-inc.fr/minecraft/tetralibs/mcreator",
  "mcreator": {
    "toolbox_id": "tetra_libs_utils",
    "toolbox_init": [
      "<value name=\"uuid\"><block type=\"text\"><field name=\"TEXT\">uuid</field></block></value>"
    ],
    "inputs": [
      "uuid"
    ],
    "dependencies": [
      {
        "name": "world",
        "type": "world"
      }
    ]
  }
}