{
  "args0": [
    {
      "type": "input_dummy",
      "name": "final_double_var"
    },
    {
      "type": "field_image",
      "src": "https://i.ibb.co/1JYrBYW/tetra-libs-api-required-64.png",
      "width": 32,
      "height": 32,
      "alt": "api_required",
      "flipRtl": "TRUE"
    }
  ],
  "extensions": [
    "custom_final_double_variables"
  ],
  "inputsInline": true,
  "colour": "#147df5",
  "output": "Number",
  "tooltip": "Get size of final double",
  "helpUrl": "https://bck-inc.fr/minecraft/tetralibs/mcreator",
  "mcreator": {
    "toolbox_id": "tetra_libs_finals",
    "toolbox_init": [
    ],
    "inputs": [
    ],
    "fields": [
      "FINAL_DOUBLE_VAR"
    ],
    "dependencies": []
  }
}