{
  "args0": [
    {
      "type": "input_dummy"
    },
    {
      "type": "field_image",
      "src": "https://i.ibb.co/645dcd0/tetra-libs-no-api-64.png",
      "width": 32,
      "height": 32,
      "alt": "no_api",
      "flipRtl": "TRUE"
    }
  ],
  "inputsInline": true,
  "output": "Number",
  "colour": "#c930a0",
  "tooltip": "Get tooltip line count",
  "helpUrl": "https://bck-inc.fr/minecraft/tetralibs/mcreator",
  "mcreator": {
    "toolbox_id": "tetra_libs_utils",
    "toolbox_init": [],
    "inputs": [],
    "dependencies": [
      {
        "name": "itemtooltip",
        "type": "itemtooltip"
      }
    ]
  }
}