{
  "args0": [
    {
      "type": "input_value",
      "name": "entity",
      "check": "Entity"
    },
    {
      "type": "input_value",
      "name": "type",
      "check": "String"
    },
    {
      "type": "field_image",
      "src": "https://i.ibb.co/1JYrBYW/tetra-libs-api-required-64.png",
      "width": 32,
      "height": 32,
      "alt": "api_required",
      "flipRtl": "TRUE"
    }
  ],
  "inputsInline": true,
  "colour": "#87CEEB",
  "output": "Number",
  "tooltip": "Get the experience to next level for entity (leveling_entity)",
  "helpUrl": "https://bck-inc.fr/minecraft/tetralibs/mcreator",
  "mcreator": {
    "toolbox_id": "tetra_libs_levels_entity",
    "toolbox_init": [
      "<value name=\"entity\"><block type=\"entity_from_deps\"></block></value>",
      "<value name=\"type\"><block type=\"text\"><field name=\"TEXT\"></field></block></value>"
    ],
    "inputs": [
      "entity",
      "type"
    ],
    "fields": [
    ],
    "dependencies": []
  }
}