{
    "args0": [
        {
            "type": "field_image",
            "src": "https://i.ibb.co/1JYrBYW/tetra-libs-api-required-64.png",
            "width": 32,
            "height": 32,
            "alt": "api_required",
            "flipRtl": "TRUE"
        }
    ],
    "inputsInline": true,
    "previousStatement": null,
    "nextStatement": null,
    "colour": "#008080",
    "tooltip": "Add entity to leveling_entity",
    "helpUrl": "https://bck-inc.fr/minecraft/tetralibs/mcreator",
    "mcreator": {
        "toolbox_id": "tetra_libs_levels_entity",
        "toolbox_init": [],
        "inputs": [],
        "fields": [],
        "dependencies": [
        ]
    }
}