{
    "args0": [
        {
            "type": "input_value",
            "name": "type",
            "check": "String"
        },
        {
            "type": "input_value",
            "name": "amount",
            "check": "Number"
        },
        {
            "type": "input_dummy",
            "name": "leveling_data_var"
        },
        {
            "type": "field_image",
            "src": "https://i.ibb.co/1JYrBYW/tetra-libs-api-required-64.png",
            "width": 32,
            "height": 32,
            "alt": "api_required",
            "flipRtl": "TRUE"
        }
    ],
    "inputsInline": true,
    "previousStatement": null,
    "nextStatement": null,
    "colour": "#9932CC",
    "extensions": [
        "custom_leveling_data_variables"
    ],
    "tooltip": "Set level to ILevelingData",
    "helpUrl": "https://bck-inc.fr/minecraft/tetralibs/mcreator",
    "mcreator": {
        "toolbox_id": "tetra_libs_levels_custom",
        "toolbox_init": [
            "<value name=\"type\"><block type=\"text\"><field name=\"TEXT\"></field></block></value>",
            "<value name=\"amount\"><block type=\"math_number\"><field name=\"NUM\">1</field></block></value>"
        ],
        "inputs": [
            "amount",
            "type"
        ],
        "fields": [
            "LEVELING_DATA_VAR"
        ]
    }
}