{
  "args0": [
    {
      "type": "input_value",
      "name": "type",
      "check": "String"
    },
    {
      "type": "input_dummy",
      "name": "leveling_data_var"
    },
    {
      "type": "field_image",
      "src": "https://i.ibb.co/1JYrBYW/tetra-libs-api-required-64.png",
      "width": 32,
      "height": 32,
      "alt": "api_required",
      "flipRtl": "TRUE"
    }
  ],
  "inputsInline": true,
  "output": "Number",
  "colour": "#CE93D8",
  "extensions": [
    "custom_leveling_data_variables"
  ],
  "tooltip": "Get level of ILevelingData entity",
  "helpUrl": "https://bck-inc.fr/minecraft/tetralibs/mcreator",
  "mcreator": {
    "toolbox_id": "tetra_libs_levels_custom",
    "toolbox_init": [
      "<value name=\"type\"><block type=\"text\"><field name=\"TEXT\"></field></block></value>"
    ],
    "inputs": [
      "type"
    ],
    "fields": [
      "LEVELING_DATA_VAR"
    ],
    "statements": [],
    "dependencies": []
  }
}