{
    "args0": [
        {
            "type": "input_value",
            "name": "entity",
            "check": "Entity"
        },
        {
            "type": "input_value",
            "name": "type",
            "check": "String"
        },
        {
            "type": "input_value",
            "name": "callback",
            "check": "Boolean"
        },
        {
            "type": "field_image",
            "src": "https://i.ibb.co/1JYrBYW/tetra-libs-api-required-64.png",
            "width": 32,
            "height": 32,
            "alt": "api_required",
            "flipRtl": "TRUE"
        }
    ],
    "inputsInline": true,
    "previousStatement": null,
    "nextStatement": null,
    "colour": "#6F00FF",
    "tooltip": "Level up entity (leveling_entity)",
    "helpUrl": "https://bck-inc.fr/minecraft/tetralibs/mcreator",
    "mcreator": {
        "toolbox_id": "tetra_libs_levels_entity",
        "toolbox_init": [
            "<value name=\"entity\"><block type=\"entity_from_deps\"></block></value>",
            "<value name=\"type\"><block type=\"text\"><field name=\"TEXT\"></field></block></value>",
            "<value name=\"callback\"><block type=\"logic_boolean\"><field name=\"BOOL\">FALSE</field></block></value>"
        ],
        "inputs": [
            "entity",
            "type",
            "callback"
        ],
        "fields": []
    }
}