 {
  "args0": [
    {
      "type": "input_value",
      "name": "number",
      "check": "Number"
    },
    {
      "type": "field_image",
      "src": "https://i.ibb.co/1JYrBYW/tetra-libs-api-required-64.png",
      "width": 32,
      "height": 32,
      "alt": "api_required",
      "flipRtl": "TRUE"
    }
  ],
  "inputsInline": true,
  "output": "String",
  "colour": 130,
  "tooltip": "Return random uuid",
  "helpUrl": "https://bck-inc.fr/minecraft/tetralibs/mcreator",
  "mcreator": {
    "toolbox_id": "tetra_libs_utils",
    "toolbox_init": [
      "<value name=\"number\"><block type=\"math_number\"><field name=\"NUM\">36</field></block></value>"
    ],
    "inputs": [
      "number"
    ]
  }
}