{
    "args0": [
      {
        "type": "input_dummy"
      },
      {
        "type": "input_value",
        "name": "entity",
        "check": "Entity"
      },
      {
        "type": "input_dummy"
      },
      {
        "type": "input_value",
        "name": "number",
        "check": "Number"
      },
      {
          "type": "field_image",
          "src": "https://i.ibb.co/1JYrBYW/tetra-libs-api-required-64.png",
          "width": 32,
          "height": 32,
          "alt": "api_required",
          "flipRtl": "TRUE"
      }
    ],
    "inputsInline": true,
    "previousStatement": null,
    "nextStatement": null,
    "colour": 255,
    "tooltip": "Set base armor knockback",
    "helpUrl": "https://bck-inc.fr/minecraft/tetralibs/mcreator",
    "mcreator": {
      "toolbox_id": "tetra_libs_actions",
      "toolbox_init": [
        "<value name=\"entity\"><block type=\"entity_from_deps\"></block></value>",
        "<value name=\"number\"><block type=\"math_number\"><field name=\"NUM\">0</field></block></value>"
      ],
      "inputs": [
        "entity",
        "number"
      ]
    }
  }