{
    "args0": [
      {
        "type": "input_value",
        "name": "name",
        "check": "String"
      },
      {
        "type": "input_value",
        "name": "entity",
        "check": "Entity"
      },
      {
        "type": "input_value",
        "name": "x",
        "check": "Number"
      },
      {
        "type": "input_value",
        "name": "y",
        "check": "Number"
      },
      {
        "type": "input_value",
        "name": "z",
        "check": "Number"
      },
      {
        "type": "input_value",
        "name": "pitch",
        "check": "Number"
      },
      {
        "type": "input_value",
        "name": "yaw",
        "check": "Number"
      },
      {
          "type": "field_image",
          "src": "https://i.ibb.co/1JYrBYW/tetra-libs-api-required-64.png",
          "width": 32,
          "height": 32,
          "alt": "api_required",
          "flipRtl": "TRUE"
      }
    ],
    "inputsInline": true,
    "previousStatement": null,
    "nextStatement": null,
    "colour": "#B296E5",
    "tooltip": "Set the home for a player",
    "helpUrl": "https://bck-inc.fr/minecraft/tetralibs/mcreator",
    "mcreator": {
      "toolbox_id": "tetra_libs_homes",
      "toolbox_init": [
        "<value name=\"name\"><block type=\"text\"><field name=\"TEXT\"></field></block></value>",
        "<value name=\"entity\"><block type=\"entity_from_deps\"></block></value>",
        "<value name=\"x\"><block type=\"coord_x\"></block></value>",
        "<value name=\"y\"><block type=\"coord_y\"></block></value>",
        "<value name=\"z\"><block type=\"coord_z\"></block></value>",
        "<value name=\"pitch\"><block type=\"math_number\"><field name=\"NUM\">0</field></block></value>",
        "<value name=\"yaw\"><block type=\"math_number\"><field name=\"NUM\">0</field></block></value>"
      ],
      "inputs": [
        "name",
        "entity",
        "x",
        "y",
        "z",
        "pitch",
        "yaw"
      ],
      "dependencies": [
        {
          "name": "world",
          "type": "world"
        }
      ]
    }
  }