{
    "args0": [
        {
            "type": "input_value",
            "name": "permission",
            "check": "String"
        },
        {
            "type": "input_value",
            "name": "callback",
            "check": "Boolean"
        }
    ],
    "inputsInline": true,
    "previousStatement": null,
    "nextStatement": null,
    "colour": "#303030",
    "tooltip": "Add server permission",
    "helpUrl": "https://bck-inc.fr/minecraft/tetralibs/mcreator",
    "mcreator": {
        "toolbox_id": "tetra_libs_permissions",
        "toolbox_init": [
            "<value name=\"permission\"><block type=\"text\"><field name=\"TEXT\">void</field></block></value>",
            "<value name=\"callback\"><block type=\"logic_boolean\"><field name=\"BOOL\">FALSE</field></block></value>"
        ],
        "inputs": [
            "permission",
            "callback"
        ],
        "fields": []
    }
}