{
    "args0": [
      {
        "type": "input_value",
        "name": "entity",
        "check": "Entity"
      }
    ],
    "inputsInline": true,
    "previousStatement": null,
    "nextStatement": null,
    "colour": "#e35d5d",
    "tooltip": "Switch vanish for a player",
    "helpUrl": "https://bck-inc.fr/minecraft/tetralibs/mcreator",
    "mcreator": {
      "toolbox_id": "tetra_libs_actions",
      "toolbox_init": [
        "<value name=\"entity\"><block type=\"entity_from_deps\"></block></value>"
      ],
      "inputs": [
        "entity"
      ],
      "dependencies": [
      ]
    }
  }