{
    "args0": [
      {
        "type": "input_value",
        "name": "tooltip",
        "check": "String"
      }
    ],
    "inputsInline": true,
    "previousStatement": null,
    "nextStatement": null,
    "colour": "#ff5cd3",
    "tooltip": "Add new tooltip line to item",
    "helpUrl": "",
    "mcreator": {
      "toolbox_id": "tetra_libs_actions",
      "toolbox_init": [
        "<value name=\"tooltip\"><block type=\"text\"><field name=\"TEXT\"></field></block></value>"
      ],
      "inputs": [
        "tooltip"
      ],
      "dependencies": [
        {
          "name": "itemtooltip",
          "type": "itemtooltip"
        }
      ]
    }
  }