{
    "args0": [
      {
        "type": "input_value",
        "name": "entity",
        "check": "Entity"
      }
    ],
    "inputsInline": true,
    "output": "Boolean",
    "colour": 150,
    "tooltip": "Return if entity has first join",
    "helpUrl": "",
      "mcreator": {
        "toolbox_id": "tetra_libs_utils",
        "toolbox_init": [
          "<value name=\"entity\"><block type=\"entity_from_deps\"></block></value>"
        ],
        "inputs": [
          "entity"
        ]
      }
    }