{
    "args0": [
      {
        "type": "input_value",
        "name": "entity",
        "check": "Entity"
      },
      {
        "type": "input_value",
        "name": "x",
        "check": "Number"
      },
      {
        "type": "input_value",
        "name": "y",
        "check": "Number"
      },
      {
        "type": "input_value",
        "name": "z",
        "check": "Number"
      }
    ],
    "inputsInline": true,
    "previousStatement": null,
    "nextStatement": null,
    "colour": 50,
    "tooltip": "Open bck gui for player",
    "helpUrl": "",
    "mcreator": {
      "toolbox_id": "tetra_libs_actions",
      "toolbox_init": [
        "<value name=\"entity\"><block type=\"entity_from_deps\"></block></value>",
        "<value name=\"x\"><block type=\"coord_x\"></block></value>",
        "<value name=\"y\"><block type=\"coord_y\"></block></value>",
        "<value name=\"z\"><block type=\"coord_z\"></block></value>"
      ],
      "fields": [
      ],
      "inputs": [
        "entity",
        "x",
        "y",
        "z"
      ],
      "dependencies": [
        {
          "name": "world",
          "type": "world"
        }
      ]
    }
  }