{
  "args0": [
    {
      "type": "input_dummy"
    },
    {
      "type": "input_value",
      "name": "item",
      "check": "MCItem"
    },
    {
      "type": "input_dummy"
    },
    {
      "type": "input_value",
      "name": "x",
      "check": "Number"
    },
    {
      "type": "input_dummy"
    },
    {
      "type": "input_value",
      "name": "y",
      "check": "Number"
    },
    {
      "type": "input_dummy"
    },
    {
      "type": "input_value",
      "name": "z",
      "check": "Number"
    },
    {
      "type": "input_dummy"
    },
    {
      "type": "input_value",
      "name": "pickup_delay",
      "check": "Number"
    },
    {
      "type": "field_checkbox",
      "name": "despawn",
      "checked": true
    }
  ],
  "inputsInline": true,
  "previousStatement": null,
  "nextStatement": null,
  "colour": 30,
  "tooltip": "Spawn dropped item with fixed coordinate",
  "helpUrl": "",
  "mcreator": {
    "toolbox_id": "tetra_libs_actions",
    "toolbox_init": [
      "<value name=\"item\"><block type=\"mcitem_all\"><field name=\"value\"></field></block></value>",
      "<value name=\"x\"><block type=\"coord_x\"></block></value>",
      "<value name=\"y\"><block type=\"coord_y\"></block></value>",
      "<value name=\"z\"><block type=\"coord_z\"></block></value>",
      "<value name=\"pickup_delay\"><block type=\"math_number\"><field name=\"NUM\">1</field></block></value>"
    ],
    "fields" : [
        "despawn"
    ],
    "inputs": [
      "item",
      "x",
      "y",
      "z",
      "pickup_delay"
    ],
    "dependencies": [
      {
        "name": "world",
        "type": "world"
      }
    ]
  }
}