{
    "args0": [
        {
            "type": "input_value",
            "name": "entity",
            "check": "Entity"
        }
    ],
    "inputsInline": true,
    "output": "Number",
    "colour": "#2cc76d",
    "tooltip": "Get player page",
    "helpUrl": "",
    "mcreator": {
        "toolbox_id": "tetra_libs_help_pages",
        "toolbox_init": [
            "<value name=\"entity\"><block type=\"entity_from_deps\"></block></value>"
        ],
        "inputs": [
            "entity"
        ],
        "fields": []
    }
}