{
    "args0": [
      {
        "type": "input_dummy"
      },
      {
        "type": "input_value",
        "name": "entity",
        "check": "Entity"
      }
    ],
    "inputsInline": true,
    "output": "String",
    "colour": 160,
    "tooltip": "Get team name of entity",
    "helpUrl": "",
    "mcreator": {
      "toolbox_id": "tetra_libs_utils",
      "toolbox_init": [
        "<value name=\"entity\"><block type=\"entity_from_deps\"></block></value>"
      ],
      "inputs": [
        "entity"
      ],
      "dependencies": [
        {
          "name": "world",
          "type": "world"
        }
      ]
    }
  }