{
  "args0": [
    {
      "type": "input_dummy"
    },
    {
      "type": "input_value",
      "name": "name",
      "check": "String"
    },
    {
      "type": "input_dummy"
    },
    {
      "type": "input_value",
      "name": "message",
      "check": "String"
    }
  ],
  "previousStatement": null,
  "nextStatement": null,
  "colour": 330,
  "tooltip": "Send warn log",
  "helpUrl": "https://bck-inc.fr/minecraft/tetralibs/mcreator",
  "mcreator": {
    "toolbox_id": "tetra_libs_logs",
    "toolbox_init": [
      "<value name=\"name\"><block type=\"text\"><field name=\"TEXT\">name</field></block></value>",
      "<value name=\"message\"><block type=\"text\"><field name=\"TEXT\">message</field></block></value>"
    ],
    "inputs": [
      "name",
      "message"
    ]
  }
}