{
    "args0": [
      {
        "type": "input_value",
        "name": "tooltip",
        "check": "String"
      },
      {
          "type": "field_image",
          "src": "https://i.ibb.co/645dcd0/tetra-libs-no-api-64.png",
          "width": 32,
          "height": 32,
          "alt": "no_api",
          "flipRtl": "TRUE"
      }
    ],
    "inputsInline": true,
    "previousStatement": null,
    "nextStatement": null,
    "colour": "#ff5cd3",
    "tooltip": "Add new tooltip line to item",
    "helpUrl": "https://bck-inc.fr/minecraft/tetralibs/mcreator",
    "mcreator": {
      "toolbox_id": "tetra_libs_actions",
      "toolbox_init": [
        "<value name=\"tooltip\"><block type=\"text\"><field name=\"TEXT\"></field></block></value>"
      ],
      "inputs": [
        "tooltip"
      ],
      "dependencies": [
        {
          "name": "itemtooltip",
          "type": "itemtooltip"
        }
      ]
    }
  }