{
    "args0": [
        {
            "type": "input_statement",
            "name": "state",
            "align": "CENTER"
        },
        {
          "type": "field_image",
          "src": "https://i.ibb.co/1JYrBYW/tetra-libs-api-required-64.png",
          "width": 32,
          "height": 32,
          "alt": "api_required",
          "flipRtl": "TRUE"
        }
    ],
    "inputsInline": true,
    "previousStatement": null,
    "nextStatement": null,
    "colour": "#FF4500",
    "tooltip": "Execute code on server side",
    "helpUrl": "https://bck-inc.fr/minecraft/tetralibs/mcreator",
    "mcreator": {
        "toolbox_id": "tetra_libs_actions",
        "toolbox_init": [],
        "inputs": [],
        "statements": [
            {
                "name": "state",
                "provides": []
            }
        ]
    }
}