{
  "args0": [
    {
      "type": "input_value",
      "name": "modid",
      "check": "String"
    },
    {
      "type": "field_image",
      "src": "https://i.ibb.co/1JYrBYW/tetra-libs-api-required-64.png",
      "width": 32,
      "height": 32,
      "alt": "api_required",
      "flipRtl": "TRUE"
    }
  ],
  "inputsInline": true,
  "output": "Number",
  "colour": 230,
  "tooltip": "Return number of mods is using you mod",
  "helpUrl": "https://bck-inc.fr/minecraft/tetralibs/mcreator",
  "mcreator": {
    "toolbox_id": "tetra_libs_utils",
    "toolbox_init": [
      "<value name=\"modid\"><block type=\"text\"><field name=\"TEXT\">mod_name</field></block></value>"
    ],
    "fields": [],
    "inputs": [
      "modid"
    ]
  }
}