{
  "args0": [
    {
      "type": "input_dummy",
      "name": "var"
    },
    {
      "type": "field_image",
      "src": "https://i.ibb.co/645dcd0/tetra-libs-no-api-64.png",
      "width": 32,
      "height": 32,
      "alt": "no_api",
      "flipRtl": "TRUE"
    }
  ],
  "extensions": [
    "help_page_variables"
  ],
  "mutator": "variable_entity_input",
  "inputsInline": true,
  "output": "Number",
  "colour": "#2cc76d",
  "tooltip": "Get line count in page",
  "helpUrl": "https://bck-inc.fr/minecraft/tetralibs/mcreator",
  "mcreator": {
    "toolbox_id": "tetra_libs_help_pages",
    "toolbox_init": [],
    "inputs": [],
    "fields": [
      "VAR"
    ]
  }
}