{
    "args0": [
        {
            "type": "input_value",
            "name": "entity",
            "check": "Entity"
        },
        {
            "type": "field_image",
            "src": "https://i.ibb.co/645dcd0/tetra-libs-no-api-64.png",
            "width": 32,
            "height": 32,
            "alt": "no_api",
            "flipRtl": "TRUE"
        }
    ],
    "inputsInline": true,
    "output": "String",
    "colour": "#79c460",
    "tooltip": "Get entity dimension",
    "helpUrl": "https://bck-inc.fr/minecraft/tetralibs/mcreator",
    "mcreator": {
        "toolbox_id": "tetra_libs_utils",
        "toolbox_init": [
            "<value name=\"entity\"><block type=\"entity_from_deps\"></block></value>"
        ],
        "inputs": [
            "entity"
        ],
        "dependencies": [
        ]
    }
}