{
  "args0": [
    {
      "type": "field_dropdown",
      "name": "key",
      "options": [
        [
          "Left Shift",
          "KEY_LSHIFT"
        ],
        [
          "Right Shift",
          "KEY_RSHIFT"
        ],
        [
          "Alt",
          "KEY_LALT"
        ],
        [
          "Left Alt",
          "KEY_LALT"
        ],
        [
          "Right Alt",
          "KEY_RALT"
        ],
        [
          "Control",
          "KEY_LCONTROL"
        ],
        [
          "Left Control",
          "KEY_LCONTROL"
        ],
        [
          "Right Control",
          "KEY_RCONTROL"
        ],
        [
          "Backspace",
          "KEY_BACKSPACE"
        ],
        [
          "Tab",
          "KEY_TAB"
        ],
        [
          "Enter",
          "KEY_ENTER"
        ],
        [
          "Escape",
          "KEY_ESCAPE"
        ],
        [
          "Space",
          "KEY_SPACE"
        ],
        [
          "Page Up",
          "KEY_PAGE_UP"
        ],
        [
          "Page Down",
          "KEY_PAGE_DOWN"
        ],
        [
          "End",
          "KEY_END"
        ],
        [
          "Home",
          "KEY_HOME"
        ],
        [
          "Left Arrow",
          "KEY_LEFT"
        ],
        [
          "Up Arrow",
          "KEY_UP"
        ],
        [
          "Right Arrow",
          "KEY_RIGHT"
        ],
        [
          "Down Arrow",
          "KEY_DOWN"
        ],
        [
          "Insert",
          "KEY_INSERT"
        ],
        [
          "Delete",
          "KEY_DELETE"
        ],
        [
          "F1",
          "KEY_F1"
        ],
        [
          "F2",
          "KEY_F2"
        ],
        [
          "F3",
          "KEY_F3"
        ],
        [
          "F4",
          "KEY_F4"
        ],
        [
          "F5",
          "KEY_F5"
        ],
        [
          "F6",
          "KEY_F6"
        ],
        [
          "F7",
          "KEY_F7"
        ],
        [
          "F8",
          "KEY_F8"
        ],
        [
          "F9",
          "KEY_F9"
        ],
        [
          "F10",
          "KEY_F10"
        ],
        [
          "F11",
          "KEY_F11"
        ],
        [
          "F12",
          "KEY_F12"
        ],
        [
          "0",
          "KEY_0"
        ],
        [
          "1",
          "KEY_1"
        ],
        [
          "2",
          "KEY_2"
        ],
        [
          "3",
          "KEY_3"
        ],
        [
          "4",
          "KEY_4"
        ],
        [
          "5",
          "KEY_5"
        ],
        [
          "6",
          "KEY_6"
        ],
        [
          "7",
          "KEY_7"
        ],
        [
          "8",
          "KEY_8"
        ],
        [
          "9",
          "KEY_9"
        ],
        [
          "A",
          "KEY_A"
        ],
        [
          "B",
          "KEY_B"
        ],
        [
          "C",
          "KEY_C"
        ],
        [
          "D",
          "KEY_D"
        ],
        [
          "E",
          "KEY_E"
        ],
        [
          "F",
          "KEY_F"
        ],
        [
          "G",
          "KEY_G"
        ],
        [
          "H",
          "KEY_H"
        ],
        [
          "I",
          "KEY_I"
        ],
        [
          "J",
          "KEY_J"
        ],
        [
          "K",
          "KEY_K"
        ],
        [
          "L",
          "KEY_L"
        ],
        [
          "M",
          "KEY_M"
        ],
        [
          "N",
          "KEY_N"
        ],
        [
          "O",
          "KEY_O"
        ],
        [
          "P",
          "KEY_P"
        ],
        [
          "Q",
          "KEY_Q"
        ],
        [
          "R",
          "KEY_R"
        ],
        [
          "S",
          "KEY_S"
        ],
        [
          "T",
          "KEY_T"
        ],
        [
          "U",
          "KEY_U"
        ],
        [
          "V",
          "KEY_V"
        ],
        [
          "W",
          "KEY_W"
        ],
        [
          "X",
          "KEY_X"
        ],
        [
          "Y",
          "KEY_Y"
        ],
        [
          "Z",
          "KEY_Z"
        ]
      ]
    },
    {
      "type": "field_image",
      "src": "https://i.ibb.co/645dcd0/tetra-libs-no-api-64.png",
      "width": 32,
      "height": 32,
      "alt": "no_api",
      "flipRtl": "TRUE"
    }
  ],
  "inputsInline": true,
  "output": "Boolean",
  "colour": "#c930a0",
  "helpUrl": "https://bck-inc.fr/minecraft/tetralibs/mcreator",
  "mcreator": {
    "toolbox_id": "tetra_libs_utils",
    "fields": [
      "key"
    ]
  }
}