{
  "args0": [
    {
      "type": "input_value",
      "name": "config",
      "check": "String"
    },
    {
      "type": "field_image",
      "src": "https://i.ibb.co/1JYrBYW/tetra-libs-api-required-64.png",
      "width": 32,
      "height": 32,
      "alt": "api_required",
      "flipRtl": "TRUE"
    }
  ],
  "inputsInline": true,
  "output": "Boolean",
  "colour": 210,
  "helpUrl": "https://bck-inc.fr/minecraft/tetralibs/mcreator",
  "mcreator": {
    "toolbox_id": "tetra_libs_utils",
    "toolbox_init": [
      "<value name=\"config\"><block type=\"text\"><field name=\"TEXT\">userdata</field></block></value>"
    ],
    "inputs": [
      "config"
    ],
    "fields": [],
    "dependencies": []
  }
}