{
    "args0": [
      {
        "type": "input_value",
        "name": "x",
        "check": "Number"
      },
      {
        "type": "input_value",
        "name": "y",
        "check": "Number"
      },
      {
        "type": "input_value",
        "name": "z",
        "check": "Number"
      },
      {
        "type": "input_value",
        "name": "pitch",
        "check": "Number"
      },
      {
        "type": "input_value",
        "name": "yaw",
        "check": "Number"
      },
      {
        "type": "input_value",
        "name": "callback",
        "check": "Boolean"
      },
      {
          "type": "field_image",
          "src": "https://i.ibb.co/1JYrBYW/tetra-libs-api-required-64.png",
          "width": 32,
          "height": 32,
          "alt": "api_required",
          "flipRtl": "TRUE"
      }
    ],
    "inputsInline": true,
    "output": "Boolean",
    "colour": "#86b572",
    "tooltip": "Set the spawn for the world (not on respawn just for /spawn)",
    "helpUrl": "https://bck-inc.fr/minecraft/tetralibs/mcreator",
    "mcreator": {
      "toolbox_id": "tetra_libs_utils",
      "toolbox_init": [
        "<value name=\"x\"><block type=\"coord_x\"></block></value>",
        "<value name=\"y\"><block type=\"coord_y\"></block></value>",
        "<value name=\"z\"><block type=\"coord_z\"></block></value>",
        "<value name=\"pitch\"><block type=\"math_number\"><field name=\"NUM\">0</field></block></value>",
        "<value name=\"yaw\"><block type=\"math_number\"><field name=\"NUM\">0</field></block></value>",
        "<value name=\"callback\"><block type=\"logic_boolean\"><field name=\"BOOL\">FALSE</field></block></value>"
      ],
      "inputs": [
        "x",
        "y",
        "z",
        "pitch",
        "yaw",
        "callback"
      ],
      "dependencies": [
        {
          "name": "world",
          "type": "world"
        },
        {
          "name": "entity",
          "type": "entity"
        }
      ]
    }
  }