{
  "args0": [
    {
      "type": "input_dummy"
    },
    {
      "type": "input_value",
      "name": "team_name",
      "check": "String"
    },
    {
        "type": "field_image",
        "src": "https://i.ibb.co/1JYrBYW/tetra-libs-api-required-64.png",
        "width": 32,
        "height": 32,
        "alt": "api_required",
        "flipRtl": "TRUE"
    }
  ],
  "inputsInline": true,
  "output": "Boolean",
  "colour": 210,
  "tooltip": "Return if team exist",
  "helpUrl": "https://bck-inc.fr/minecraft/tetralibs/mcreator",
  "mcreator": {
    "toolbox_id": "tetra_libs_utils",
    "toolbox_init": [
      "<value name=\"team_name\"><block type=\"text\"><field name=\"TEXT\">team name</field></block></value>"
    ],
    "inputs": [
      "team_name"
    ],
    "dependencies": [
      {
        "name": "world",
        "type": "world"
      }
    ]
  }
}