{
    "args0": [
      {
        "type": "input_dummy"
      },
      {
        "type": "field_data_list_selector",
        "name": "sound",
        "datalist": "sound",
        "customEntryProviders": "minecraft"
      },
      {
        "type": "input_value",
        "name": "entity",
        "check": "Entity"
      },
      {
        "type": "input_dummy"
      },
      {
        "type": "input_value",
        "name": "volume",
        "check": "Number"
      },
      {
        "type": "input_dummy"
      },
      {
        "type": "input_value",
        "name": "pitch",
        "check": "Number"
      }
    ],
    "inputsInline": true,
    "previousStatement": null,
    "nextStatement": null,
    "colour": 10,
    "tooltip": "Play sound to entity",
    "helpUrl": "",
    "mcreator": {
      "toolbox_id": "tetra_libs_actions",
      "toolbox_init": [
        "<value name=\"entity\"><block type=\"entity_from_deps\"></block></value>",
        "<value name=\"volume\"><block type=\"math_number\"><field name=\"NUM\">1</field></block></value>",
        "<value name=\"pitch\"><block type=\"math_number\"><field name=\"NUM\">1</field></block></value>"
      ],
      "fields": [
        "sound"
      ],
      "inputs": [
        "entity",
        "volume",
        "pitch"
      ]
    }
  }